{"rmse": 113.37390748663461, "mae": 63.31466002115609}